humor,U,Humorous_reply,com_score
,WHY ARE YOU TALKING IN THE MIDDLE OF MY CLASS? ,WHY ARE YOU TEACHING IN THE MIDDLE OF MY CONVERSATION?,
,Hey long time no talk,let's keep it that way,
,what happens to the car if you press the brake and accelerator at the same time,it takes a screenshot,
,WHAT EVENT IS MADONNA ATTENDING HERE?,PARENT TEACHER NIGHT,
,"My friend : Bro, ""your mom"" jokes are SO overused","Me saying ""just like your mom""",
,Hey sorry i was busy,sent that 2 years ago,
,"if you had 6 minutes left to live, what's the last song you'd listen to",i'd spent the entire 6 minutes trying to pick a song,
,"i just got arrested for being too ugly, can someone come bail me out",on my way! can someone come bail me out 623,
,what's your name,Can you ask an easier question?,
,how many people you have slept with,Including your mom and your sister?,
,what's wrong with you,Do you want a list?,
,i don't have a gf,"Haha I know, just reminding you",
,did you know you can edit things if you type something wron?,wrong*,
,think its kinda cute. like an underwater dog chasing a ball,The ball is you,
,The Bible also makes clear that men should make their wives coffee sometimes.,"In fact, it's the name of a whole chapter: Hebrews ;) (I'Il see myself out)",
,Ukraine is part of russia,My nuts are a part of your dads mouth,
,Grandma just died,Bro why didn't u get her reboot card,
,"""I wish I had never given birth to you!""","""You never did, Dad.""",
,Kill yourself,Kill me yourself you fucking pussy,
,couldve avoided watching videos like this if we still had that dislike button,could have avoided you if abortion wasnâ€™t controversial,
,What was the dumbest way you almost died?,As a kid swallowed about 15 pennies because I was acting like a piggy bank.,
,Turkey loves chicken because people can't afford beef,I thought they love turkey,
,I always wondered how sound was used as torture.,BTS music,
,"Men of reddit, when taking a shit, do you keep your penis on the toilet seat or do you let it dangle?",hang mine on the towel rack before sitting down.,
,2 + 2 > 22,"Good job, JavaScript!",
,Leeches have 32 brains,Damn.. crazy when you think some people on Reddit don't even have 1...,
,Why do you think you were born with a small penis?,A full-sized penis would be ridiculous on a newborn.,
,Did you fail biology?, I am are the result of my parents fucking each other..,
,Why'd u like my picture from 2017?,U just haven't looked good for a while,
,alcohol is my glue that holds me together,Unfortunatley the same couldn't be said for your parents' marriage,
,How does crack feel like,"kinda like being balls deep in your mom, feels good but you know you have a problem",
,When I was homeless most of us had can openers on our key chain.,Genuine question.. what else did you put on a key chain when you were homeless?,
,Do u eat babies?,If babies is a synonym for your ass then yes. Yes I do,
,"Apartments count as homes. Sure, they're not houses, but you live there","it's not a crack house, it's a crack home~",
,"Every 60 seconds in Africa, a minute passes","Stupid American here, is this true?",
,the person below me is lying,The person above me is adopted,
,Where do you put quiet people who feel left out all the time then??? ,at home,
,"You get 100$ every time you're rejected for anything ( favors, dating, money ). What do you do to make money?",Ask people for $100,
,"Someone had a crush on you, was totally secretely in love with you, dreamed at you at night and you have no idea",and other hilarious jokes you can tell yourself,
,how would you feel if a girl gave YOU a flower?,I would just be glad they came to my funeral.,
,I'm an Influencer,you only influence the worldwide herpes cases,
,"I am deaf, what are the lyrics?",Listen harder,
,"Have to say, if other countries attacked the US... It wouldn't end well",We're attacking ourselves. It's not ending well..,
,wish all weebs were were instantly teleported to the world of their anime waifus.,Granted. They're heartbroken because itâ€™s obvious their waifus won't love them back.,
,What's the worst thing you can name a dog?,cat,
,"Is it just me or us half the music posted on here from Asia? Not that that is a bad thing, just an observation.",Half the world is Asian,
,"""bad guy-Billie Eilish"" but you're in the bathroom at a party",I'm the bath guy,
,What would you do if your crush suddenly kissed you?,wake up from my dream probably,
,Girls usually fall in love with funny boys.,Really..! Then why I'm still single,
,When someone says that you farted,"i didn't fart, I whispered in my panties",
,what are you looking at?,Your face is just fine but you will have to put a bag over that personality.,
,No more ladies and gentlemenâ€™: Japan Airlines embraces gender neutral greetings,"Welcome aboard, meatbags.",
,8 year old telling mom that I will never kiss a girl,21 year old me realizing that might be a fortune teller,
,What inspired you to write the essay,The due date,
,I just ate a fish taco. It reminded me of you.,What a coincidence. just ordered a pizza and it came in 20 seconds. Thought of you!,
,Mom stop you are not funny You never make jokes,I made you.,
,Why can't we be a couple like them,Cause we ugly,
,"If animals come closer when you're playing, it means you're doing a great job",Or they have rabies,
,"You are getting old, you should get married!",Will marrying stop me from getting old?,
,Don't fart in an apple store.,They don't have windows,
,Name the worst thing that could happen in a wedding,There is no Preacher,
,Is being sexy a crime?,It can be but luckily no crimes were committed here,
,"""If God doesn't exist, then who wrote the bible? THINK ABOUT IT!""","If Harry Potter doesn't exist, who wrote Harry Potter? If Lord of the Rings doesn't exist, who wrote Lord of the Rings?",
,lady gaga ft. jim carrey,my mom came from somewhere and i switched to porn because it was easier to explain,
,was born to love you,my brother sings this to his burger when we go to mcdonalds,
,Is this music from the book or the tv series ?,From the book. If you open one of them itâ€™ll start playing,
,"You know why it's called an Xbox 360? Because once you see it, you'll do a 360 and walk away.",Do some maths first.,
,what is a sin?,it's something bad that my mum can't eat on her diet,
,nothing is impossible,but I do nothing every day.,
,being kissed in your sleep is.. like.. the purest form of love,Unless you are home alone,
,Help nature in two ways,By planting trees and killing yourself,
,COVID has killed 1.6M people in the world and you are alive. Use a few seconds to thank God.,Thanks for killing 1.6M people,
,Oh my god is this a cat or a sheep?,a shat,
,I don't know how to describe it,"Cmon get him, He wants to leave without paying",
,What do you consider is your greatest sexual achievement?,Haven't slept with my wife in over a year and still had a baby. Apparently sperm can survive for a long time in the uterus and when this happens the color of the babies skin gets darker.,
,Should a self-driving car kill the baby or the grandma?Depends on where you're from,If you drift you should be able to take out both of them.,
,Whatever happens to emos? Where did they go?,If your social group is defined by a suicidal nature don't expect it to last a long time.,
,"People who've had sex with celebrities, how was it?",Great until they kicked me out of the wax museum.,
,Nobody Was Shot in NYC Over Weekend for 1st Time Since 1993,Oh good they haven't found him yet,
,GAY LOVERS FIND OUT' THEY ARE BROTHERS,So what? Not like there's a genetic reason to stop...,
,Your heartbeat is probably perfectly synchronised with someone else's.,Especially if you are dead,
,What movie would be better if it didnâ€™t have a happy ending?,"Toy Story 3 as they roll toward the incinerator, fade to black. Credits, with a very sad Randy Newman singing a down-tempo ""You Had a Frend in Me""",
,Imagine you miss a payment on a TESLA and it drives itself back to the dealership.,"Imagine dead, old people in their Teslas just arriving places.",
,"Guys who sag their pants below their butt, why?",Easy access for the homies.,
,"When I'm bored, I get wrapped up in a sleeping bag and slather butter all over myself and slide around the kitchen floor pretending I am a slug",showed this to my therapist and she's finally letting me kill myself,
,Smart people have poor eyesight because lower graphics make your brain run faster,Steven hawking has closed all background tasks for more fps,
,Imagine getting shot by winnie the pooh with a double barrel,You don't have to imagine if you're in China,
,What's your religion?,Alcoholism - Make the spirits speak directly to youâ€¦,
,Batman is quite persistent,Alfred didnâ€™t skip leg day,
,My wifeâ€™s note to our graduating son vs. mine,Will my handwriting automatically become nice when I become a parent?,
,Being in the sun for only two hours makes you realize how incredibly resilient plants are.,Lmao you're weaker than a plant.,
,Leaving 20 kids alone in a room with a clown seems normal but leaving 1 kid alone in a room with a clown seems wrong.,So there's an acceptable clown per kid ratio.,
,it doesn't matter how you die you will always become a statistic.,Statistics are useful. Yay me!,
,You are brave until the cockroach starts to fly,Bold of you to assume I am brave when the cockroach is on the floor not moving,
,There is a possibility that we humans will become extinct before we're able to fully explore the Earth's oceans.,There is a possibility we will go extinct Before Thursday,
,Soon Teslas will deliver themselves to new owners.,Nice try Elon,
,"It would suck to break up with a pop star, they make a song about how bad a person you are and make a million bucks from it.
","On the plus side, you'll probably be immortalised in their break-up song. Heck, if you broke up with Adele you could get albums worth a immortalisation!",
,Ice makes water taste better.,h2o squared,
,Overweight people are probably very strong,But the cholesterol and high blood pressure are just safeguards in case they get too strong,
,youâ€™re beautiful,Thanks fan,
,you're handsome,Thanks; I woke up like this,
,you're brilliant,Thank you! Please vote for me in the upcoming election.,
,"Who is affected more by a breakup, the boy or the
girl?",The one who is still 'in love'.,
,How do I attract married women to have sex with me?,Make sure you are the one they are married to.,
,What is a good piece of random advice?,Never listen to a song right before an exam. It'll be stuck in your mind while you write your answers.,
,What's the difference between a secret admirer and a stalker?,"If good looking, it's a Secret Admirer. If Ugly, it's a Stalker. True Story.",
,How do you impress an Indian?,"If you are not from India, speak in HINDI (simple words like Namastey etc.). If you are from India, speak in ENGLISH.You have successfully impressed an Indian.",
,Mathematics: Is 30 divisible by 2 and/or 3?,Yes. And using Quora to answer this is like killing a mosquito with a thermonuclear Intercontinental Ballistic Missile.,
,Question That Contains Assumptions: Why are men stubborn?,I'm not going to tell you.,
,What is a sentence in which you are happy and sad at the same time?,I won the silver medal.,
,Is knowing that the girl you love is with someone else the worst feeling in the world?,I hear that stage IV bone cancer is pretty bad.,
,What is the difference between ignorance and apathy?,"I don't know, and I don't care.",
,Why don't some male billionaires have physically attractive wives?,"Because those who have the brains to make billions, have the brains not to marry a woman only based on her looks.",
,How would you reply if someone says you're an asshole?,"""Makes sense. There is no way I would see so much shit in front of me.""",
,What are the hardest things to do in life?,"To decide whether to ""move on"" or ""try harder"".",
,did your tattoos hurt?,not as painful as living,
,Different hair colors. Ryan Gosling has light BLOND hair. And Ryan Reynolds is a cunt.,i honestly dont know the difference between ryan gosling and ryan reynolds,
,Speak the fuck up for what you believe in,you shouldn't have to pay for BOTH parts of a bikini,
,What's the most embarrassing thing thatâ€™s ever happened to you?,"3 years ago, a cute guy I worked with wanted to give me a fist bump..l thought he was pretending to hold an invisible microphone so l leaned forward and said hello",
,There should be a zoo of drunk white people doing stupid shit,It's called Florida.,
,Yeezy Season 5,This how my shirt looked last day of 5th grade,
,"do y'all wet the toothbrush first, or put toothpaste on first ?","Wet the toothbrush, put toothpaste on wet that boy again . Then brush . That's law",
,"Nobody was waiting for a vegan bloody sausage, you PC-ravaged clowns.","Oh hello, we've been expecting you",
,what part of your morning routine takes the longest?,Deciding to get up,
,What's the plan for tonight? Your Place Or Mine?,"You At Your Place, Me At Mine!",
,So if a girl doesn't reply your DM the next thing you do is to unfollow her?,"When you need money from an ATM, do you stand behind one that says 'Temporarily out of service'? Or onto thenext?",
,What do yall eat for breakfast on Thanksgiving sdhgsjk,We don't eat breakfast. We starve until the food is ready,
,would you slap your sibling for $1.5 million??,i'd do it for two slices of pizza and a cold drink,
,Ladies when's the last time a guy opened the car door for you?,When I got arrested,
,What's Meow Meow? Never heard before,Ignorance is bliss sir,
,"We must keep ""evil"" out of our country!",@realDonaldTrump what time should we call your Uber?,
,"Magic Mike grossed 167 million. If you still think girls like dad bods, keep dreamin pal.",shrek grossed 484 million just so weâ€™re clear,
,How much does a Big Mac cost?,Your dignity,
,Should your young child have a bank account?,So you can charge them â€˜childhood maintenance fee'?,
,A cop just killed my GTA V character even though he's white. Anyone else experiencing this bug?,How did you get that far? I got arrested outside of Gamestop going to buy it.,
,Alot of yoruba men like igbo ladies. What could be the reason??,"When you see a wickedness that surpasses yours, curiosity tends to kick in.",
,tell me you love me,try Tinder.,
,"Man, why don't you ever reply to positive comments about you?",Because I can't find any.,
,Finally landed safely! Thank you Jesus :),Jesus: I wasn't flying the damn plane. Thank your pilot.,
,"If the beef is never frozen, then how do you guys keep it fresh ?",REFRIGERATORS,
,"As a father with a daughter I have to ask, any plans on how youâ€™ll handle your daughter and dating when she's a teen?","Like all teenagers, I went on hundreds of dates. With The Bible. She'll be fine!",
,You don't need alcohol to have fun,you also dont need a car to get places but it certainly fucking helps,
,Finally bought a damn printer. Idk what took me so long,To print out that paper belt?,
,Shut up U Little fart,don't mind being a fart. Farts have Gas. You always run out.,
,"If he's 21-30 with no baby momma, no kids , & a job ? he's a rare breed",Or just not stupid tryna impregnate bitches.,
,Bought my girl an IMac for graduation she was so happy bro. Not even 24 hours later her dad bought her Benz.. like bro what are you doing??,"He can't give her a baby, give her that.",
,Joe Biden is SO fine Imao like that is one attractive man.,want my student loans forgiven too but this is not the way,
,"At the end of the day, the chemistry between you and your coworker is undeniable.",My old work-wife used to bring me home cooked meals & she kept a picture of me & her at her desk. Real as it got,
,"Men's banter is too funny, something life threatening could've happened but once we establish you're still alive every joke in the universe will fly",When my hair caught on fire & my brothers called me ghost rider for 2.5 years,
,My moms favorite movie is the princess bride..,Okay but how can you dislike the princess bride,
,My wife of 24 years just farted in front of me for the first time ever.,Almost like fart whispers.,
,That part is not always mentioned.,Smoking used to be advertised as a weight loss method apparently,
,My wife of 24 years just farted in front of me for the first time ever.,Moments like that are brilliant ðŸ˜‚,
,The pizza place I order from has the rudest employees and I love it.,"Come visit us in Germany, you'll have a blast.",
,My wife of 24 years just farted in front of me for the first time ever.,Every damn time.,
,I wore mascara to school today!,Dudes in makeup is big dick energy since like the 1400's,
,Putting your bedsheets on is by far the worst chore,Hi I'd like to introduce you to putting away laundry.,
,I finally figured out how to wear my clothes,Congratulations on your new wardrobe.,
,The pizza place I order from has the rudest employees and I love it.,Pure magic without a smile.,
,I shit myself at Home Depot today.,The worst is over and youâ€™ve officially ended the â€œFunny story from my pastâ€ territory,
,I thought ice cream trucks were fake.,Did you run after it and get some ice cream?!,
,My wife of 24 years just farted in front of me for the first time ever.,I think my wife has farted 24 times in front of me today haha .,
,Dishes are my worst enemy.,Literally every single dish.,
,I recently got a crop top and my co-worker asked me if I was pregnant,Well done you!,
,What does your username mean/come from?,Someone was faster than me,
,"Perhaps because when hit, one is inclined to sing like an opera star!",They way I sound after hitting that spot it should be named Gejauleknochen .,
,love how nobody names the classics like Cinderella snow white and sleeping beauty cuz they're all useless,what's sleeping beauty gonna do?,
,Putting your bedsheets on is by far the worst chore,Mowing lawn.,
,"I hated having to learn another language at school though, especially French.","As a French guy, learning other languages makes me realize how terrible of a language French is.",
,How the world is most likely going to end,Creations still need creators input to operate in.,
,I told my mom about my French exam mark and she ignored it completely and started talking about Maths,I'm really sorry but your mother sounds like an ass.,
,hi i need a distraction,"After 27 years of marriage, my wife finally made me sausage rolls.",
,I had a dream i met Leonardo DiCaprio except his name was Leonardo DiNardo,Do you watch NCIS?,
,Is life 'affordable' in the USA?,So my friendly advice is to stay away.,
,What's one really significant thing you've realised in quarantine?,That creating something is way more rewarding and fun than consuming something,
,What do you do to make yourself happy?,I listen to music loudly and dance around like a crazy person!,
,"Guys, please cherish food, right now.",Hope your fasting goes well!,
,What dumb things did you believe as a kid?,I thought wind was created because trees shook,
,"My new fridge is being delivered tomorrow, I've gone over a year without one.",Life without shelf milk!!,
,I would love to live in Alaska but Iâ€™d prefer a more urban city,Lots of meth though.,
,"Weed is fun, why quit?",Did you even read it?,
,My cat still gets to go to fight club.,Choke a dude.,
,Apparently there are people that think 5G is causing the covid-19 virus,OMG THIS SHIT?,
,I'm ready to hear every detail about your cats,He likes to bite things like charger cables and me.,
,I tried menâ€™s deodorant for the first time and it changed my life.,And the Fiji scent is all fruity tropical,
,It wasn't an incident so much as it was just that the Spanish teacher was found dead of a heart attack in the girls bathroom ðŸ˜¬,Male Spanish teacher?,
,how can that happen?-?,You can't trust toilet snakes dude.,
,He's pretty good.,"His shit were legendary, but not as legendary as when Lychton almost alpha'd him irl.",
,What's the best way to get over an ex that you work with?,Don't work with them anymore,
,typin lk ths.,"Back in the day, a text message was limited to 160 characters, so text-speak helped cram more info in.",
,"Well ironically, human trials on the Jews boosted the progress of modern medical sciences.",It feels weird,
,What's that guilty feeling about after you masturbate?,People feel guilty after masturbating?,
,"I also love Gaidos seafood, so damn good.",Best steak I've ever eaten.,
,"TBH the pics of the mountains are beautiful but my SO, her family and my own family might have me commited if I were to seriously suggest Afghanistan lol but thanks for the response and for those pictures.","Tell her she has no choice, or you'll tie her up and treat her like a saudi woman thats been misbehaving ;)",
,Female bedbugs don't have a vagina.,Are you a bedbug?,
,Jeep or exploder?,Geo tracker.,
,I like eating the whole Kiwi fruit.,Or do you just enjoy having a fruits pubes in your teeth?,
,"Four hours later and 45 minutes after landing, we were bumping nasties at the Four Seasons in Hong Kong.",this is a good way to pass time and meet new people where you normally wouldnt like you are waiting at the doctors office and it takes long and you just ask people if they wanne get fucked up while pulling out a bottle of booze,
,I hear my house mate masturbating.,"Real life isn't a porn movie, for chrissake.",
,"Shit/piss, people who like that are fucking scum","Yo, don't kink shame.",
,"They say ""could care less"" when they mean the opposite",Same goes for literally instead of figuratively.,
,Education is important,But beards are importanter.,
,All my American friends think my kiwi fruit allergy is hilarious.,You're all toxic cunts anyway.,
,Ah yes so you've met my partner.,Your partner is cheating.,
,Stay in school kid lol,"I know this is a little less important than choosing between The Witcher 3 andRed Dead 2 but humor me, I want your opinionðŸ˜‚",
,I had a dentist appointment and as I was leaving work I went to brush my teeth.,"As someone who loves the smell of sweaty pussy, I would charge extra if a patient came spotless clean.",
,Iâ€™ve read scholarly studies recently that said hypnotherapy can be highly effective with that.,"You've read studies, I'm sO ScArEd",
,What is the most dangerous thing you have ever done?,Thought it would be funny to play with fireworks.,
,Then why doesn't it look like a modern building?,"People eventually settle into a style and mostly stick with it, who's to say it's not the same for quasi-sapient magical castles?",
,Because a chicken clearly has never had a coherent thought in its mind lol,Does someone's intelligence determine their right to live?,
,World of Warcraft lmao,That's how my cousin met her husband!!,
,What is something that people like just because of nostalgia?,Being a kid.,
,"My pastor has made reference to erotic function and erotic, sexual poetry in the Bible and read it and done sermons.",Maybe you just have no sense of humor.,
,Cows can't be male by definition.,"Well im wounded, so then hes a bull?",
,What are some good Video Game Quotes to yell out during sex?,"Hey you, you're finally awake.",
,What are places where nothing cost less than a $100 USD?,Strip clubs,
,"What's something you think you understand why other people like it, and wish you enjoyed it like they did, but just don't?",Running.,
,The water is already full of fish poop.,"Good god man, Fish fuck in it!",
,It would be ruff to read but some people are willing to sit and stay for the whole thing.,Did you just bark in that sentence?,
,My parents aren't really perfect and made a lot of mistakes,"Damn right, they made you",
,What if we pm you brussel sprouts?,Please.,
,I find it hard to tell whenever someone is paying me a compliment or taking the piss,"If someone just ran off with your urine, that's definitely taking the piss.",
,Whatâ€™s the hardest youâ€™ve ever been hit?,Sledge hammer and a bunch of tools,
,This is why persecution of gays and shit treatment of women IS STILL PRESENT in your typical muslim country.,That might have been the most autistic thing I've read yet.,
,What's the craziest thing you've ever seen in porn?,Just google 'Lemon Whore.',
,I always felt that the fruit pubes made my tongue sore.,Welcome to the allergic to kiwis club.,
,What's the worst thing a child said to you?,You look like my dad,
,So- what kind of drugs were they on?,Pills maybe?,
,"What is the most disgusting thing that you do while you are totally alone, but would be devastated if anyone ever caught/saw you?",Pee in my bathroom sink ^please don't judge me,
,If you were going to die how would you want to go?,"Or like my great grandfather, >!pop a vessel while taking a shit.",
,I'm glad slavery wasn't as bad as mean tweets,Did i really need to clarify that i meant modern America or did you really think that i meant Trumps comically inept leadership was worse than American slavery?,
,Drinking the milk of another animal.,That's not to mention that cows have super titties.,
,Alcohol.,Maybe trying chugging it through your butt.,
,"I don't have a preference for my boyfriend, but his preference for me is anything that shows butt, apparently.",Can you blame him?,
,It happens to me a lot because of my chronic back pain.,New mom with a 2 week old lmao,
,What would you do if your husband/wife came out as transgender?,things in the bedroom would get very fun/different,
,So wearing a fedora and carrying a bull whip?,How to identify a thief masquerading as an archaeologist: they're probably wearing a trilby instead of a fedora,
,"Basically, roleplaying as a horse...",Sounds like a good way to start/end a night,
,What is one instant sign that someone is an idiot?,Zodiac sign being mentioned in conversation...,
,"It was funny because teddy bears are normally for children, but this one farted and said fuck","Indeed, I also liked when they smoked weed and talked about hot girls ðŸ˜ŽðŸ˜ŽðŸ˜Ž",
,"Ladies, what are you looking for in a penis?",This gives of 30 year old incel vibes,
,"Oh, I thought you meant the movie.",I liked the part where the bear farted and said fuck..,
,A good mechanic will shame you like your dentist.,"I dont want to feel like I am a horrible human being for trying to get it fixed, just fucking fix it.",
,What's your worst bathroom experience?,"I took a shit in the school toilets when I was 13, and only realised afterwards that there was no toilet paper.",
,I already know what your hair cut looks like.,Must be nice to put on blinders through life X-D Have a great day.,
,huh maybe i'm just misinformed.,"You're a Muslim, you probably are lmao",
,What science shit?,"I was talking about sex, specifically",
,What feels like sex but isn't sex?,A really really really good back massage,
,There really is no place to put any penses.,Not with that attitude,
,Why did I read the last sentence with a Russian accent ?,"because he didnt't say ""A little baby"" he said ""Ò°Ð¤Ð'D ÐªÐ„ Ð¨ÔÐ”Òœ LÐ‡ÒšÐ„ LÐ‡ÒÒ¬LÐ­ Ð¬Ð”Ð¬Ò°""",
,Bran was such a fucking waste of life!,Too busy looking up old wheelchair designs and watching his sister's wedding night to do anything useful,
,"Hmmmm, okay, makes sense.",Depends if your drunk.,
,What did you realize too late in life?,I could have gotten laid more if I stopped caring about getting laid.,
,You can really get away with murder when you appear to be sickingly sweet upfront.,"IME, there's usually something behind that weird smile and dead eyes you're giving me that makes me physically uncomfortable.",
,"If you could watch a porno starring a person of your choice, who would it be?",Shakira.,
,"Hahahahaha this reminds me of when I found out my mega religious, never kissed a guy or ever held hands even after graduating university, was writing erotic stories online.","Oh, NC-17 fanfic written by thirteen year olds who've obviously never ever seen sex on video is hilarious.",
,What was your biggest epiphany that dramatically changed your mindset?,"That no matter how hard I work, my boss will always want more.",
,This thread = white people pretending to be Muslim,Anyone can be a Muslim.,
,Fuck fraternities.,Yeah fuck those guys hanging out and minding their own business.,
,That is an extremely low bar.,You think I don't know that?,
,"That not every Muslim is an Arab, and not every Arab is a Muslim.",My boss is Albanian Muslim.,
,Whats the best ways to survive a nuclear fallout if you don't have a fallout bunker?,Go inside and play fallout until you die,
,"Italian double letters can be really hard to catch depending on who is speaking, for example",Italian double letters are easy to catch.,
,I once read a book where a woman gave birth and had sex a few hours later.,"Hahahahaha this reminds me of when I found out my mega religious, never kissed a guy or ever held hands even after graduating university, was writing erotic stories online.",
,How does the deaf girl know if she's being quiet or not?,"I just assumed this is why the dad doesn't take her on trips or doesn't let her roam into the original house, because she has no idea how loud or quiet she is.",
,"Is peeing in the shower fine as â€œnormalâ€ behavior, or is it insanitary?",Aim for the drain and you're totally sane.,
,So how was your first experience discovering the world of porn?,HBO soft core porn,
,What do you genuinely not understand?,My pancreas is physically disabled and i really kinda want that organ back yesterday,
,Learn the moment your dick controls your actions.,"It was fun yet, the absolute worst relationship I've ever had.",
,You are so weird,"and you are so unfunny, you voluminous twat",
,"If life is a box of chocolates, which chocolate did you get?",That horrid sticky orange cream abomination found in every discount chocolate box.,
,"Back in the days of film cameras, I was rooting through drawers trying to find Christmas presents, and instead saw a nude photo of my step dad.",Lol bet you stopped searching tho.,
,Sorry you didn't know what polluted meant at six.,you know it's slightly above six year old comprehension.,
,Did you ever cheat during an exam?,"Printed a facsimile of a Coca-Cola 20oz bottle label with the information I needed on it instead of nutritional information and ingredients, then glued it onto a bottle.",
,You failed them mate ðŸ˜”,i had a son first,
,What was your worst kissing experience?,Their fake tooth fell out.,
,What's your weirdest celebrity crush?,Steve Buscemi,
,Just different parts at different times.,"What are you talkin' about, ""I use my hole"", ya weirdo.",
,Does sarcasm sound the same in every language?,"I dont get what you are actually looking for I speak german, so you can ask me, but you have to be more specific",
,"I met my husband on google+, which is pretty embarrassing to explain to people","I met my husband on MySpace and he hates telling people that so he tells people we met at a party, which is technically true because the first time we met in person was at my cousinâ€™s house party.",
,His last speech was so fucking badass.,HECHI YO TATAKAE!,
,What's some of the best life lessons you can teach your children?,"Don't forget to pull out, no matter how good it feels!",
,What quote are you known for by your friends?,"I was tripping balls, looked at myself in the mirror for a solid 10 seconds and then proclaimed myself to be 'the goat king' haven't really gotten over 'I am the goat king'",
,What is the kinkiest thing you have ever done in your life?,Definitely the time I licked my wife's ass while she gave me a foot job,
,I play a lot with my bf who lives in the US so of course when I start speaking accent gets fetishised af...,Haha I used to get that playing WoW with an Australian accent.,
,"Clearly, some gene is giving me superpowers.","I can hear higher pitched noises, like some old tv's make a very quiet shrieking noise that other people seem to not be able to hear",
,What was your biggest epiphany that dramatically changed your mindset?,I stopped masturbating dry,
,A friend of mine invented a sex position called The Moncton Shuffle.,Fucking savage.,
,What's keeping you from having a relationship and breaking your 'single' streak?,"I'm a gay guy who doesn't like feminine guys, that also lives in a town where the gay scene consists of like 5 gay guys that are all basically women.",
,"I changed my own car tyre for the first time today, and it feels amazing.",It's good fun though.,
,Did my dad just sleepwalk?!,>my dad is sleeping to the bed next to mine Why?,
,Flying from Minnesota to Missouri to see my family for the first time in months--first time since I came out as gay last month.,Snap off a quick wristie.,
,USB-C is an amazing technology.,Apple wants to have a word with you,
,"I donâ€™t know who my 18 followers on here are, but they make me uncomfortable.",haha.,
,My family has never gotten an actual present from me,"Sweetie, have you considered therapy.",
,Looking to meet other adults to talk to :),I don't trust Mormons.,
,What do you do for fun on a day where you have nothing planned?,None of my days are really planned,
,Would really appreciate any dumb memes or cute videos.,What do you call a pile of catsâ€¦â€¦meowntain,
,"Just bought my second PlayStation Vita, I feel like this is the start of a bad rabbit hole haha",I miss my PSP.,
,My upstairs neighbor has been going at it all night WTF,Go knock and ask if they need a hand,
,"What's something that most people miss understand, but you don't?",Does it count if I say that i understand that the correct way to write miss understand is misunderstand ;),
,Is a Lady/Lord title by buying land in Schottland a good or lame birthday present?,It essentially just means landlord.,
,"I've had a stressful day, what are happy or funny stories people have?","I slipped in shit and found a score, decided to have a beer with the money, and met my wife.",
,I canâ€™t wait to watch movies all day for Halloween,"Just wanna cuddle with my dog, eat some candy and pizza and watch movies all day lol.",
,Why do people want kids?,I'm mid 30s and having kids is my idea of hell lol,
,"I pay for several entertainment services that exclusively do not have advertisements, yet my son's favorite form of entertainment is watching YouTube compellation videos of advertisements.",Like the koolaid man smashing though the wall?,
,What's one of your favorite things your pet does?,"My dog vigorously digs in his empty bowl if he wants food, or in his water dish if he needs water",
,I really hate being sick,"I got the flu for a week and man I just laid there thinking about the good old days, literally a few days ago lol.",
,What is something that made you happy this week?,The latte I'm sipping on right now is doing a bang up job on improving my day.,
,Kids aren't fucking stupid,Similar to pets.,
,I just shaved my butt long hair completely off,I misread the title as you shaved your long butt hair off.,
,Iâ€™m in a lot of pain and could use some light or funny thoughts,Do you know the one about the blind hooker?,
,Iâ€™m going out tomorrow night with some friends and my ex is going to be there,new ice age?,
,Why do you pick someone up off the ground when you hug them?,i guess i get a little carried away.,
,What's your unique talent?,"I've had people start looking around, trying to find the cat that just meowed.",
,Do you ever just feel really stupid?,Happens to me way too often.,
